{"Exportar dados pessoais para contato@raphaelmaria.com.br":{"about":{"group_label":"Sobre","group_description":"Vis\u00e3o geral do relat\u00f3rio de exporta\u00e7\u00e3o.","items":{"about-1":[{"name":"Relat\u00f3rio gerado para","value":"contato@raphaelmaria.com.br"},{"name":"Para o site","value":"Raphael Maria"},{"name":"No URL","value":"http:\/\/raphaelmaria.com.br"},{"name":"Em","value":"2021-02-08 19:38:48"}]}},"user":{"group_label":"Usu\u00e1rio","group_description":"Dados do perfil do usu\u00e1rio.","items":{"user-1":[{"name":"ID do usu\u00e1rio","value":"1"},{"name":"Nome de login do usu\u00e1rio","value":"raphael"},{"name":"Nome de usu\u00e1rio amig\u00e1vel","value":"raphael"},{"name":"E-mail do usu\u00e1rio","value":"contato@raphaelmaria.com.br"},{"name":"URL do usu\u00e1rio","value":"http:\/\/raphaelmaria.com.br"},{"name":"Data de registro do usu\u00e1rio","value":"2019-01-03 12:10:49"},{"name":"Nome de exibi\u00e7\u00e3o do usu\u00e1rio","value":"Raphael Maria"},{"name":"Apelido do usu\u00e1rio","value":"Raphael Maria"},{"name":"Nome do usu\u00e1rio","value":"Raphael"},{"name":"Sobrenome do usu\u00e1rio","value":"Maria"}]}},"community-events-location":{"group_label":"Local dos eventos da comunidade","group_description":"Dados de localiza\u00e7\u00e3o do usu\u00e1rio usados para os eventos da comunidade no widget do painel eventos e not\u00edcias do WordPress.","items":{"community-events-location-1":[{"name":"IP","value":"163.116.224.0"}]}},"session-tokens":{"group_label":"Tokens de sess\u00e3o","group_description":"Dados de tokens de sess\u00e3o do usu\u00e1rio.","items":{"session-tokens-1-661bed26a49b195960467e9ddf7d562665911dab77a45a9af998ca19b49d0da3":[{"name":"Expira\u00e7\u00e3o","value":"fevereiro 10, 2021 18:40 PM"},{"name":"IP","value":"187.72.41.41"},{"name":"Agente de usu\u00e1rio","value":"Mozilla\/5.0 (Windows NT 10.0; Win64; x64) AppleWebKit\/537.36 (KHTML, like Gecko) Chrome\/87.0.4280.141 Safari\/537.36 Edg\/87.0.664.75"},{"name":"\u00daltimo acesso","value":"fevereiro 08, 2021 18:40 PM"}]}},"media":{"group_label":"M\u00eddia","group_description":"Dados de m\u00eddia do usu\u00e1rio.","items":{"post-11":[{"name":"URL","value":"http:\/\/raphaelmaria.com.br\/wp-content\/uploads\/2019\/01\/cropped-logo_full.png"}],"post-21":[{"name":"URL","value":"http:\/\/raphaelmaria.com.br\/wp-content\/uploads\/2019\/01\/cropped-cropped-logo_full.png"}],"post-23":[{"name":"URL","value":"http:\/\/raphaelmaria.com.br\/wp-content\/uploads\/2019\/01\/circuit_paths_chips_black_pin_26298_1366x768.jpg"}],"post-24":[{"name":"URL","value":"http:\/\/raphaelmaria.com.br\/wp-content\/uploads\/2019\/01\/cropped-cropped-logo_full-1.png"}],"post-27":[{"name":"URL","value":"http:\/\/raphaelmaria.com.br\/wp-content\/uploads\/2019\/01\/cropped-cropped-logo_full-2.png"}],"post-29":[{"name":"URL","value":"http:\/\/raphaelmaria.com.br\/wp-content\/uploads\/2019\/01\/cropped-circuit_paths_chips_black_pin_26298_1366x768.jpg"}],"post-32":[{"name":"URL","value":"http:\/\/raphaelmaria.com.br\/wp-content\/uploads\/2019\/01\/logo_full.png"}],"post-33":[{"name":"URL","value":"http:\/\/raphaelmaria.com.br\/wp-content\/uploads\/2019\/01\/logo_face.png"}],"post-34":[{"name":"URL","value":"http:\/\/raphaelmaria.com.br\/wp-content\/uploads\/2019\/01\/mechanism_iron_hard_drive_hdd_29653_1024x768.jpg"}],"post-41":[{"name":"URL","value":"http:\/\/raphaelmaria.com.br\/wp-content\/uploads\/2019\/01\/cropped-logo_face.png"}],"post-56":[{"name":"URL","value":"http:\/\/raphaelmaria.com.br\/wp-content\/uploads\/2019\/01\/button_help_keyboard_close-up_80023_1280x720.jpg"}],"post-57":[{"name":"URL","value":"http:\/\/raphaelmaria.com.br\/wp-content\/uploads\/2019\/01\/gadget_tablet_smartphone_icons_touch_screen_99974_1280x720.jpg"}],"post-58":[{"name":"URL","value":"http:\/\/raphaelmaria.com.br\/wp-content\/uploads\/2019\/01\/intel_motherboard_pc_system_97667_1280x720.jpg"}],"post-59":[{"name":"URL","value":"http:\/\/raphaelmaria.com.br\/wp-content\/uploads\/2019\/01\/laptop_samsung_grass_109439_1280x720.jpg"}],"post-60":[{"name":"URL","value":"http:\/\/raphaelmaria.com.br\/wp-content\/uploads\/2019\/01\/motherboard_chipset_chip_124932_1280x720.jpg"}],"post-69":[{"name":"URL","value":"http:\/\/raphaelmaria.com.br\/wp-content\/uploads\/2019\/01\/anydesk_logo.png"}],"post-70":[{"name":"URL","value":"http:\/\/raphaelmaria.com.br\/wp-content\/uploads\/2019\/01\/teamviewer_logo.png"}],"post-73":[{"name":"URL","value":"http:\/\/raphaelmaria.com.br\/wp-content\/uploads\/2019\/01\/Cert_Impacta_AutoCAD2016_2D.pdf"}],"post-85":[{"name":"URL","value":"http:\/\/raphaelmaria.com.br\/wp-content\/uploads\/2019\/01\/FacSP-e1546643997259.png"}],"post-86":[{"name":"URL","value":"http:\/\/raphaelmaria.com.br\/wp-content\/uploads\/2019\/01\/green-e1546643981262.png"}],"post-87":[{"name":"URL","value":"http:\/\/raphaelmaria.com.br\/wp-content\/uploads\/2019\/01\/ibta-e1546643963945.png"}],"post-88":[{"name":"URL","value":"http:\/\/raphaelmaria.com.br\/wp-content\/uploads\/2019\/01\/impacta-e1546643928904.png"}],"post-89":[{"name":"URL","value":"http:\/\/raphaelmaria.com.br\/wp-content\/uploads\/2019\/01\/md_5b334610deb59-e1546643888719.png"}],"post-90":[{"name":"URL","value":"http:\/\/raphaelmaria.com.br\/wp-content\/uploads\/2019\/01\/Senac-e1546643860602.png"}],"post-91":[{"name":"URL","value":"http:\/\/raphaelmaria.com.br\/wp-content\/uploads\/2019\/01\/training-e1546643827969.png"}],"post-98":[{"name":"URL","value":"http:\/\/raphaelmaria.com.br\/wp-content\/uploads\/2019\/01\/DSC_0001-1-e1546648941454-scaled.jpg"}],"post-124":[{"name":"URL","value":"http:\/\/raphaelmaria.com.br\/wp-content\/uploads\/2019\/01\/2015-04-03-14.40.22-scaled.jpg"}],"post-127":[{"name":"URL","value":"http:\/\/raphaelmaria.com.br\/wp-content\/uploads\/2019\/01\/aula_01_02_feito-scaled.jpg"}],"post-129":[{"name":"URL","value":"http:\/\/raphaelmaria.com.br\/wp-content\/uploads\/2019\/01\/IMG_20140428_080425941-scaled.jpg"}],"post-130":[{"name":"URL","value":"http:\/\/raphaelmaria.com.br\/wp-content\/uploads\/2019\/01\/IMG_20140920_153329629-scaled.jpg"}],"post-131":[{"name":"URL","value":"http:\/\/raphaelmaria.com.br\/wp-content\/uploads\/2019\/01\/IMG_20140920_153443022-scaled.jpg"}],"post-132":[{"name":"URL","value":"http:\/\/raphaelmaria.com.br\/wp-content\/uploads\/2019\/01\/IMG_20140920_153531274-scaled.jpg"}],"post-134":[{"name":"URL","value":"http:\/\/raphaelmaria.com.br\/wp-content\/uploads\/2019\/01\/IMG_20180612_202640965_HDR-scaled.jpg"}],"post-135":[{"name":"URL","value":"http:\/\/raphaelmaria.com.br\/wp-content\/uploads\/2019\/01\/IMG_20180826_113440769-scaled.jpg"}],"post-137":[{"name":"URL","value":"http:\/\/raphaelmaria.com.br\/wp-content\/uploads\/2019\/01\/IMG-20141007-WA0008-scaled.jpeg"}],"post-138":[{"name":"URL","value":"http:\/\/raphaelmaria.com.br\/wp-content\/uploads\/2019\/01\/P_20160325_102905-scaled.jpg"}],"post-139":[{"name":"URL","value":"http:\/\/raphaelmaria.com.br\/wp-content\/uploads\/2019\/01\/P_20160325_102929-scaled.jpg"}],"post-140":[{"name":"URL","value":"http:\/\/raphaelmaria.com.br\/wp-content\/uploads\/2019\/01\/P_20160325_105932-scaled.jpg"}],"post-141":[{"name":"URL","value":"http:\/\/raphaelmaria.com.br\/wp-content\/uploads\/2019\/01\/Restauracao.jpg"}],"post-142":[{"name":"URL","value":"http:\/\/raphaelmaria.com.br\/wp-content\/uploads\/2019\/01\/Shino_Paint2.jpg"}],"post-143":[{"name":"URL","value":"http:\/\/raphaelmaria.com.br\/wp-content\/uploads\/2019\/01\/Womancat_Samurai_School.jpg"}],"post-245":[{"name":"URL","value":"http:\/\/raphaelmaria.com.br\/wp-content\/uploads\/2018\/07\/itil_processos-290x300.png"}],"post-248":[{"name":"URL","value":"http:\/\/raphaelmaria.com.br\/wp-content\/uploads\/2016\/09\/cabo-vga-para-xbox360-ligue-o-no-monitor-14450-MLB3372247369_112012-O.jpg"}],"post-249":[{"name":"URL","value":"http:\/\/raphaelmaria.com.br\/wp-content\/uploads\/2016\/09\/18439-MLB6900009414_082014-Y.jpg"}],"post-266":[{"name":"URL","value":"http:\/\/raphaelmaria.com.br\/wp-content\/uploads\/2015\/05\/LSWRT160N_site.png"}],"post-284":[{"name":"URL","value":"http:\/\/raphaelmaria.com.br\/wp-content\/uploads\/2019\/01\/IMG_20190107_112947987-scaled.jpg"}],"post-288":[{"name":"URL","value":"http:\/\/raphaelmaria.com.br\/wp-content\/uploads\/2019\/01\/43051.jpg"}],"post-291":[{"name":"URL","value":"http:\/\/raphaelmaria.com.br\/wp-content\/uploads\/2019\/01\/Download-Windows-Server-2008-R2-Release-Candidate-RC-2.png"}],"post-296":[{"name":"URL","value":"http:\/\/raphaelmaria.com.br\/wp-content\/uploads\/2019\/01\/17142507870294-t1200x480.jpg"}],"post-302":[{"name":"URL","value":"http:\/\/raphaelmaria.com.br\/wp-content\/uploads\/2019\/01\/images.jpeg"}],"post-308":[{"name":"URL","value":"http:\/\/raphaelmaria.com.br\/wp-content\/uploads\/2019\/01\/hackintosh.png"}],"post-319":[{"name":"URL","value":"http:\/\/raphaelmaria.com.br\/wp-content\/uploads\/2019\/01\/hackintosh.jpeg"}],"post-329":[{"name":"URL","value":"http:\/\/raphaelmaria.com.br\/wp-content\/uploads\/2019\/02\/banner_apple.png"}],"post-330":[{"name":"URL","value":"http:\/\/raphaelmaria.com.br\/wp-content\/uploads\/2019\/02\/banner_dicas.png"}],"post-331":[{"name":"URL","value":"http:\/\/raphaelmaria.com.br\/wp-content\/uploads\/2019\/02\/banner_linux.png"}],"post-332":[{"name":"URL","value":"http:\/\/raphaelmaria.com.br\/wp-content\/uploads\/2019\/02\/banner_windows.png"}],"post-333":[{"name":"URL","value":"http:\/\/raphaelmaria.com.br\/wp-content\/uploads\/2019\/02\/banner_security.png"}],"post-334":[{"name":"URL","value":"http:\/\/raphaelmaria.com.br\/wp-content\/uploads\/2019\/02\/banner_overclock.png"}],"post-335":[{"name":"URL","value":"http:\/\/raphaelmaria.com.br\/wp-content\/uploads\/2019\/02\/banner_help.png"}],"post-336":[{"name":"URL","value":"http:\/\/raphaelmaria.com.br\/wp-content\/uploads\/2019\/02\/banner_hardware.png"}],"post-358":[{"name":"URL","value":"http:\/\/raphaelmaria.com.br\/wp-content\/uploads\/2019\/03\/Proxmox01.png"}],"post-359":[{"name":"URL","value":"http:\/\/raphaelmaria.com.br\/wp-content\/uploads\/2019\/03\/Proxmox02.png"}],"post-360":[{"name":"URL","value":"http:\/\/raphaelmaria.com.br\/wp-content\/uploads\/2019\/03\/Proxmox03.png"}],"post-361":[{"name":"URL","value":"http:\/\/raphaelmaria.com.br\/wp-content\/uploads\/2019\/03\/Proxmox06.png"}],"post-362":[{"name":"URL","value":"http:\/\/raphaelmaria.com.br\/wp-content\/uploads\/2019\/03\/Proxmox04.png"}],"post-363":[{"name":"URL","value":"http:\/\/raphaelmaria.com.br\/wp-content\/uploads\/2019\/03\/Proxmox05.png"}],"post-377":[{"name":"URL","value":"http:\/\/raphaelmaria.com.br\/wp-content\/uploads\/2019\/05\/image.png"}],"post-378":[{"name":"URL","value":"http:\/\/raphaelmaria.com.br\/wp-content\/uploads\/2019\/05\/image-1.png"}],"post-379":[{"name":"URL","value":"http:\/\/raphaelmaria.com.br\/wp-content\/uploads\/2019\/05\/image-2.png"}],"post-380":[{"name":"URL","value":"http:\/\/raphaelmaria.com.br\/wp-content\/uploads\/2019\/05\/image-3.png"}],"post-381":[{"name":"URL","value":"http:\/\/raphaelmaria.com.br\/wp-content\/uploads\/2019\/05\/image-4.png"}],"post-383":[{"name":"URL","value":"http:\/\/raphaelmaria.com.br\/wp-content\/uploads\/2019\/05\/image-5.png"}],"post-384":[{"name":"URL","value":"http:\/\/raphaelmaria.com.br\/wp-content\/uploads\/2019\/05\/image-6.png"}],"post-385":[{"name":"URL","value":"http:\/\/raphaelmaria.com.br\/wp-content\/uploads\/2019\/05\/image-7.png"}],"post-394":[{"name":"URL","value":"http:\/\/raphaelmaria.com.br\/wp-content\/uploads\/2019\/06\/ultraviewer_log.png"}],"post-402":[{"name":"URL","value":"http:\/\/raphaelmaria.com.br\/wp-content\/uploads\/2019\/08\/IMG_20190130_123054_399.jpg"}],"post-403":[{"name":"URL","value":"http:\/\/raphaelmaria.com.br\/wp-content\/uploads\/2019\/08\/IMG-20190627-WA0019.jpg"}],"post-406":[{"name":"URL","value":"http:\/\/raphaelmaria.com.br\/wp-content\/uploads\/2019\/08\/IMG-20190627-WA0021.jpg"}],"post-455":[{"name":"URL","value":"http:\/\/raphaelmaria.com.br\/wp-content\/uploads\/2020\/02\/raphaelmariatech.png"}],"post-459":[{"name":"URL","value":"http:\/\/raphaelmaria.com.br\/wp-content\/uploads\/2020\/02\/IMG_20191228_154423-scaled.jpg"}],"post-460":[{"name":"URL","value":"http:\/\/raphaelmaria.com.br\/wp-content\/uploads\/2020\/02\/IMG_20200119_153009-scaled.jpg"}],"post-464":[{"name":"URL","value":"http:\/\/raphaelmaria.com.br\/wp-content\/uploads\/2020\/02\/IMG_20200202_140649-scaled.jpg"}],"post-466":[{"name":"URL","value":"http:\/\/raphaelmaria.com.br\/wp-content\/uploads\/2020\/02\/IMG_20200123_215912-scaled.jpg"}],"post-494":[{"name":"URL","value":"http:\/\/raphaelmaria.com.br\/wp-content\/uploads\/2020\/03\/4Linux-Raphael-Alan-de-Oliveira-Maria.png"}],"post-497":[{"name":"URL","value":"http:\/\/raphaelmaria.com.br\/wp-content\/uploads\/2020\/03\/Green-Raphael-Alan-de-Oliveira-Maria-09-01-2019-14-28-30.pdf"}],"post-498":[{"name":"URL","value":"http:\/\/raphaelmaria.com.br\/wp-content\/uploads\/2020\/03\/Green-Raphael-Alan-de-Oliveira-Maria-09-01-2019-14-29-24.pdf"}],"post-499":[{"name":"URL","value":"http:\/\/raphaelmaria.com.br\/wp-content\/uploads\/2020\/03\/Green-Raphael-Alan-de-Oliveira-Maria-09-01-2019-14-31-07.pdf"}],"post-500":[{"name":"URL","value":"http:\/\/raphaelmaria.com.br\/wp-content\/uploads\/2020\/03\/Microsoft-Raphael-Alan-de-Oliveira-Maria-09-01-2019-14-32-39.pdf"}],"post-501":[{"name":"URL","value":"http:\/\/raphaelmaria.com.br\/wp-content\/uploads\/2020\/03\/Certificado_Tranning_ITIL_V3.png"}],"post-502":[{"name":"URL","value":"http:\/\/raphaelmaria.com.br\/wp-content\/uploads\/2020\/03\/2019_Arquitetura_Redes.pdf"}],"post-503":[{"name":"URL","value":"http:\/\/raphaelmaria.com.br\/wp-content\/uploads\/2020\/03\/2019_Manutencao_Celulares.pdf"}],"post-505":[{"name":"URL","value":"http:\/\/raphaelmaria.com.br\/wp-content\/uploads\/2020\/03\/Screenshot_86.png"}],"post-506":[{"name":"URL","value":"http:\/\/raphaelmaria.com.br\/wp-content\/uploads\/2020\/03\/Screenshot_87.png"}],"post-507":[{"name":"URL","value":"http:\/\/raphaelmaria.com.br\/wp-content\/uploads\/2020\/03\/Screenshot_88.png"}],"post-508":[{"name":"URL","value":"http:\/\/raphaelmaria.com.br\/wp-content\/uploads\/2020\/03\/Screenshot_89.png"}],"post-509":[{"name":"URL","value":"http:\/\/raphaelmaria.com.br\/wp-content\/uploads\/2020\/03\/Screenshot_90.png"}],"post-511":[{"name":"URL","value":"http:\/\/raphaelmaria.com.br\/wp-content\/uploads\/2020\/03\/IMG_20200304_140306-scaled.jpg"}],"post-517":[{"name":"URL","value":"http:\/\/raphaelmaria.com.br\/wp-content\/uploads\/2020\/03\/2019_Logo_Cris_Livia_v1.png"}],"post-518":[{"name":"URL","value":"http:\/\/raphaelmaria.com.br\/wp-content\/uploads\/2020\/03\/2013-11-02-20.36.27.jpg"}],"post-519":[{"name":"URL","value":"http:\/\/raphaelmaria.com.br\/wp-content\/uploads\/2020\/03\/IMG_20140920_153531274-scaled.jpg"}],"post-520":[{"name":"URL","value":"http:\/\/raphaelmaria.com.br\/wp-content\/uploads\/2020\/03\/IMG_20141128_131734361-scaled.jpg"}],"post-531":[{"name":"URL","value":"http:\/\/raphaelmaria.com.br\/wp-content\/uploads\/2020\/04\/2020_04_Estabilis_DevOps_Fundations_Badget.png"}],"post-537":[{"name":"URL","value":"http:\/\/raphaelmaria.com.br\/wp-content\/uploads\/woocommerce-placeholder.png"}],"post-550":[{"name":"URL","value":"http:\/\/raphaelmaria.com.br\/wp-content\/uploads\/2020\/05\/apple.jpg"}],"post-551":[{"name":"URL","value":"http:\/\/raphaelmaria.com.br\/wp-content\/uploads\/2020\/05\/tux_linux.png"}],"post-552":[{"name":"URL","value":"http:\/\/raphaelmaria.com.br\/wp-content\/uploads\/2020\/05\/windows.png"}],"post-571":[{"name":"URL","value":"http:\/\/raphaelmaria.com.br\/wp-content\/uploads\/2020\/05\/IMG_20200304_154105-scaled-e1589301891126.jpg"}],"post-572":[{"name":"URL","value":"http:\/\/raphaelmaria.com.br\/wp-content\/uploads\/2020\/05\/IMG_20200319_201106-scaled.jpg"}],"post-573":[{"name":"URL","value":"http:\/\/raphaelmaria.com.br\/wp-content\/uploads\/2020\/05\/IMG_20200411_142504-scaled.jpg"}],"post-574":[{"name":"URL","value":"http:\/\/raphaelmaria.com.br\/wp-content\/uploads\/2020\/05\/IMG_20200503_190808-scaled.jpg"}],"post-575":[{"name":"URL","value":"http:\/\/raphaelmaria.com.br\/wp-content\/uploads\/2020\/05\/IMG_20200511_115354-scaled.jpg"}],"post-589":[{"name":"URL","value":"http:\/\/raphaelmaria.com.br\/wp-content\/uploads\/2020\/07\/IMG_20200604_180827-scaled.jpg"}],"post-590":[{"name":"URL","value":"http:\/\/raphaelmaria.com.br\/wp-content\/uploads\/2020\/07\/IMG_20200612_123624_075-rotated.jpg"}],"post-591":[{"name":"URL","value":"http:\/\/raphaelmaria.com.br\/wp-content\/uploads\/2020\/07\/IMG_20200612_221222-scaled.jpg"}],"post-592":[{"name":"URL","value":"http:\/\/raphaelmaria.com.br\/wp-content\/uploads\/2020\/07\/IMG_20200628_194520-scaled.jpg"}],"post-593":[{"name":"URL","value":"http:\/\/raphaelmaria.com.br\/wp-content\/uploads\/2020\/07\/IMG_20200708_211738-scaled.jpg"}],"post-594":[{"name":"URL","value":"http:\/\/raphaelmaria.com.br\/wp-content\/uploads\/2020\/07\/IMG_20200708_211742-scaled.jpg"}],"post-595":[{"name":"URL","value":"http:\/\/raphaelmaria.com.br\/wp-content\/uploads\/2020\/07\/IMG_20200713_120306-scaled.jpg"}],"post-596":[{"name":"URL","value":"http:\/\/raphaelmaria.com.br\/wp-content\/uploads\/2020\/07\/IMG_20200719_133343-scaled.jpg"}],"post-597":[{"name":"URL","value":"http:\/\/raphaelmaria.com.br\/wp-content\/uploads\/2020\/07\/IMG_20200719_134014-scaled.jpg"}],"post-598":[{"name":"URL","value":"http:\/\/raphaelmaria.com.br\/wp-content\/uploads\/2020\/07\/IMG_20200719_140936-scaled.jpg"}],"post-612":[{"name":"URL","value":"http:\/\/raphaelmaria.com.br\/wp-content\/uploads\/2020\/09\/2020_LOGO_RM_50px.png"}],"post-613":[{"name":"URL","value":"http:\/\/raphaelmaria.com.br\/wp-content\/uploads\/2020\/09\/2020_LOGO_RM_100px.png"}],"post-614":[{"name":"URL","value":"http:\/\/raphaelmaria.com.br\/wp-content\/uploads\/2020\/09\/2020_LOGO_RM_150px.png"}],"post-615":[{"name":"URL","value":"http:\/\/raphaelmaria.com.br\/wp-content\/uploads\/2020\/09\/2020_LOGO_RM_200px.png"}],"post-616":[{"name":"URL","value":"http:\/\/raphaelmaria.com.br\/wp-content\/uploads\/2020\/09\/2020_LOGO_RM_300px.png"}],"post-617":[{"name":"URL","value":"http:\/\/raphaelmaria.com.br\/wp-content\/uploads\/2020\/09\/2020_LOGO_RM_600px.png"}],"post-622":[{"name":"URL","value":"http:\/\/raphaelmaria.com.br\/wp-content\/uploads\/2020\/09\/cropped-2020_LOGO_RM_100px.png"}],"post-631":[{"name":"URL","value":"http:\/\/raphaelmaria.com.br\/wp-content\/uploads\/2020\/09\/cropped-2020_LOGO_RM_600px.png"}],"post-639":[{"name":"URL","value":"http:\/\/raphaelmaria.com.br\/wp-content\/uploads\/2020\/12\/unnamed.jpg"}],"post-640":[{"name":"URL","value":"http:\/\/raphaelmaria.com.br\/wp-content\/uploads\/2020\/12\/unnamed-1.jpg"}],"post-641":[{"name":"URL","value":"http:\/\/raphaelmaria.com.br\/wp-content\/uploads\/2020\/12\/unnamed-2.jpg"}],"post-642":[{"name":"URL","value":"http:\/\/raphaelmaria.com.br\/wp-content\/uploads\/2020\/12\/unnamed.png"}],"post-643":[{"name":"URL","value":"http:\/\/raphaelmaria.com.br\/wp-content\/uploads\/2020\/12\/photo.png"}],"post-664":[{"name":"URL","value":"http:\/\/raphaelmaria.com.br\/wp-content\/uploads\/2020\/09\/cropped-cropped-2020_LOGO_RM_600px.png"}],"post-667":[{"name":"URL","value":"http:\/\/raphaelmaria.com.br\/wp-content\/uploads\/2020\/09\/cropped-2020_LOGO_RM_100px-1.png"}],"post-669":[{"name":"URL","value":"http:\/\/raphaelmaria.com.br\/wp-content\/uploads\/2020\/09\/cropped-2020_LOGO_RM_50px.png"}],"post-699":[{"name":"URL","value":"http:\/\/raphaelmaria.com.br\/wp-content\/uploads\/2019\/08\/cropped-IMG_20190130_123054_399.jpg"}],"post-739":[{"name":"URL","value":"http:\/\/raphaelmaria.com.br\/wp-content\/uploads\/2020\/12\/IMG_20200920_203402-1-scaled.jpg"}],"post-740":[{"name":"URL","value":"http:\/\/raphaelmaria.com.br\/wp-content\/uploads\/2020\/12\/IMG_20201120_112349-scaled.jpg"}],"post-761":[{"name":"URL","value":"http:\/\/raphaelmaria.com.br\/wp-content\/uploads\/2021\/01\/logo-wjti.png"}],"post-762":[{"name":"URL","value":"http:\/\/raphaelmaria.com.br\/wp-content\/uploads\/2021\/01\/Logo_ION.png"}],"post-763":[{"name":"URL","value":"http:\/\/raphaelmaria.com.br\/wp-content\/uploads\/2021\/01\/Logo_PHS.png"}],"post-764":[{"name":"URL","value":"http:\/\/raphaelmaria.com.br\/wp-content\/uploads\/2021\/01\/logo-it-universe.png"}],"post-765":[{"name":"URL","value":"http:\/\/raphaelmaria.com.br\/wp-content\/uploads\/2021\/01\/Logo_BioRitmo.png"}],"post-766":[{"name":"URL","value":"http:\/\/raphaelmaria.com.br\/wp-content\/uploads\/2021\/01\/Logo_SmartFit.png"}],"post-767":[{"name":"URL","value":"http:\/\/raphaelmaria.com.br\/wp-content\/uploads\/2021\/01\/Logo_O2Pos.png"}],"post-768":[{"name":"URL","value":"http:\/\/raphaelmaria.com.br\/wp-content\/uploads\/2021\/01\/logo_Loft.png"}]}}}}